REGr,ALLTIMEt,Value
row,0,0.123262015497312
chn,0,0.0975761432433501
usa,0,0.101421585469507
row,1,0.0998432256514207
chn,1,0.12802845237311
usa,1,0.100425215880387
row,2,0.139840029948391
chn,2,0.0627852681325749
usa,2,0.114467208180577
row,3,0.106953105446883
chn,3,0.0935316557064652
usa,3,0.145232647936791
