ALLTIMEt,Value
0,0.09072654790245
1,0.0222547202301212
2,0.089511231223587
3,0.0314217435731553
